{
  "id": "black-badgers-template-removal",
  "title": "Black Badger's Template Removal",
  "version": "1.2.0",
  "compatibility": {
    "minimum": "11",
    "verified": "12"
  },
  "esmodules": [
    "scripts/template-removal.mjs"
  ],
  "url": "https://github.com/BlackBadger777/Black-Badger-s-Template-Removal",
  "manifest": "https://github.com/BlackBadger777/Black-Badger-s-Template-Removal/releases/latest/download/module.json",
  "download": "https://github.com/BlackBadger777/Black-Badger-s-Template-Removal/releases/download/v1.2.0/module.zip"
}
